{"cameraMode":{"drawMode":0,"name":"Shaded","section":"Shading Mode"},"sceneLighting":true,"audioPlay":false,"sceneViewState":{"m_AlwaysRefresh":false,"showFog":true,"showSkybox":true,"showFlares":true,"showImageEffects":true,"showParticleSystems":true,"showVisualEffectGraphs":true,"m_FxEnabled":true},"in2DMode":false,"pivot":{"x":23.430606842041017,"y":16.173442840576173,"z":-2.6763763427734377},"rotation":{"x":0.011807914823293686,"y":0.9758211970329285,"z":-0.21136720478534699,"w":0.05450763925909996},"size":47.2100944519043,"orthographic":false}